#SampleID	Condition	Counties	BarcodeSequence	LinkerPrimerSequence	BarcodeName	ReversePrimer	ProjectName	Description
1A	Diseased	Kwale	TGGCACCACC	GTGCCAGCMGCCGCGGTAA	60bp_UDPi5_0536	GGACTACVSGGGTATCTAAT	060122JNbac515F	1A
1B	Diseased	Kwale	AAGCATCATG	GTGCCAGCMGCCGCGGTAA	60bp_UDPi5_0537	GGACTACVSGGGTATCTAAT	060122JNbac515F	1B
1C	Diseased	Kwale	CTCCTAGCTT	GTGCCAGCMGCCGCGGTAA	60bp_UDPi5_0538	GGACTACVSGGGTATCTAAT	060122JNbac515F	1C
1D	Diseased	Kwale	GACTACGGTA	GTGCCAGCMGCCGCGGTAA	60bp_UDPi5_0539	GGACTACVSGGGTATCTAAT	060122JNbac515F	1D
1E	Healthy	Kwale	GATCATATCG	GTGCCAGCMGCCGCGGTAA	60bp_UDPi5_0545	GGACTACVSGGGTATCTAAT	060122JNbac515F	1E
2A	Diseased	Kilifi	AATGATAGTG	GTGCCAGCMGCCGCGGTAA	60bp_UDPi5_0540	GGACTACVSGGGTATCTAAT	060122JNbac515F	2A
2B	Diseased	Kilifi	CTGATAGATG	GTGCCAGCMGCCGCGGTAA	60bp_UDPi5_0541	GGACTACVSGGGTATCTAAT	060122JNbac515F	2B
2C	Diseased	Kilifi	AATCGCGAGA	GTGCCAGCMGCCGCGGTAA	60bp_UDPi5_0542	GGACTACVSGGGTATCTAAT	060122JNbac515F	2C
2D	Diseased	Kilifi	CTTGTACAAC	GTGCCAGCMGCCGCGGTAA	60bp_UDPi5_0543	GGACTACVSGGGTATCTAAT	060122JNbac515F	2D
2E	Healthy	Kilifi	CTCAGTATTC	GTGCCAGCMGCCGCGGTAA	60bp_UDPi5_0546	GGACTACVSGGGTATCTAAT	060122JNbac515F	2E
3A	Diseased	Lamu	TGCTAGCACC	GTGCCAGCMGCCGCGGTAA	60bp_UDPi5_0544	GGACTACVSGGGTATCTAAT	060122JNbac515F	3A
3B	Diseased	Lamu	GATCATATCG	GTGCCAGCMGCCGCGGTAA	60bp_UDPi5_0545	GGACTACVSGGGTATCTAAT	060122JNbac515F	3B
3C	Diseased	Lamu	CTCAGTATTC	GTGCCAGCMGCCGCGGTAA	60bp_UDPi5_0546	GGACTACVSGGGTATCTAAT	060122JNbac515F	3C
3D	Diseased	Lamu	GACAGTGGAT	GTGCCAGCMGCCGCGGTAA	60bp_UDPi5_0547	GGACTACVSGGGTATCTAAT	060122JNbac515F	3D
3E	Healthy	Lamu	GACAGTGGAT	GTGCCAGCMGCCGCGGTAA	60bp_UDPi5_0547	GGACTACVSGGGTATCTAAT	060122JNbac515F	3E
